{"cameraMode":{"drawMode":0,"name":"Shaded","section":"Shading Mode"},"sceneLighting":true,"audioPlay":false,"sceneViewState":{"showFog":true,"showMaterialUpdate":false,"showSkybox":true,"showFlares":true,"showImageEffects":true,"showParticleSystems":true},"in2DMode":false,"pivot":{"x":2231.415283203125,"y":-848.466796875,"z":43.67615509033203},"rotation":{"x":-0.12896625697612763,"y":-0.6893924474716187,"z":0.12672068178653718,"w":-0.7014989852905273},"size":2404.28369140625,"orthographic":false}