{"cameraMode":{"drawMode":0,"name":"Shaded","section":"Shading Mode"},"sceneLighting":false,"audioPlay":false,"sceneViewState":{"showFog":true,"showMaterialUpdate":false,"showSkybox":false,"showFlares":true,"showImageEffects":true,"showParticleSystems":true},"in2DMode":false,"pivot":{"x":0.6805005669593811,"y":1.5548213720321656,"z":0.8846657276153565},"rotation":{"x":-0.015442092902958393,"y":0.9823448061943054,"z":-0.16085897386074067,"w":-0.09429745376110077},"size":2.95504093170166,"orthographic":false}