{"cameraMode":{"drawMode":0,"name":"Shaded","section":"Shading Mode"},"sceneLighting":false,"audioPlay":false,"sceneViewState":{"showFog":true,"showMaterialUpdate":false,"showSkybox":false,"showFlares":true,"showImageEffects":true,"showParticleSystems":true},"in2DMode":false,"pivot":{"x":0.0014809370040893555,"y":1.02730393409729,"z":-0.02056291699409485},"rotation":{"x":0.12576423585414887,"y":0.2630159556865692,"z":-0.0346018448472023,"w":0.9559375047683716},"size":4.993000030517578,"orthographic":false}