{"cameraMode":{"drawMode":0,"name":"Shaded","section":"Shading Mode"},"sceneLighting":false,"audioPlay":false,"sceneViewState":{"showFog":true,"showMaterialUpdate":false,"showSkybox":false,"showFlares":true,"showImageEffects":true,"showParticleSystems":true},"in2DMode":false,"pivot":{"x":0.0014809370040893555,"y":1.02730393409729,"z":-0.02056291699409485},"rotation":{"x":-0.028772804886102678,"y":0.9565228223800659,"z":-0.10110393166542053,"w":-0.2721520960330963},"size":4.993000030517578,"orthographic":false}