{"cameraMode":{"drawMode":0,"name":"Shaded","section":"Shading Mode"},"sceneLighting":false,"audioPlay":false,"sceneViewState":{"showFog":true,"showMaterialUpdate":false,"showSkybox":false,"showFlares":true,"showImageEffects":true,"showParticleSystems":true},"in2DMode":false,"pivot":{"x":0.008932799100875855,"y":0.36373192071914675,"z":-0.00033015012741088867},"rotation":{"x":-0.108963243663311,"y":0.8859015703201294,"z":-0.2641807496547699,"w":-0.36539649963378909},"size":3.6717114448547365,"orthographic":false}