{"cameraMode":{"drawMode":0,"name":"Shaded","section":"Shading Mode"},"sceneLighting":false,"audioPlay":false,"sceneViewState":{"showFog":true,"showMaterialUpdate":false,"showSkybox":false,"showFlares":true,"showImageEffects":true,"showParticleSystems":true},"in2DMode":false,"pivot":{"x":-0.0945446789264679,"y":0.5836049914360046,"z":0.23210839927196504},"rotation":{"x":0.08157379925251007,"y":0.915455162525177,"z":-0.31448623538017275,"w":0.23745931684970857},"size":0.7989034056663513,"orthographic":false}