{"cameraMode":{"drawMode":0,"name":"Shaded","section":"Shading Mode"},"sceneLighting":false,"audioPlay":false,"sceneViewState":{"showFog":true,"showMaterialUpdate":false,"showSkybox":false,"showFlares":true,"showImageEffects":true,"showParticleSystems":true},"in2DMode":false,"pivot":{"x":3.7960000038146974,"y":0.9874343872070313,"z":-8.630000114440918},"rotation":{"x":0.07466410100460053,"y":0.91315758228302,"z":-0.19463187456130982,"w":0.350294291973114},"size":2.95504093170166,"orthographic":false}