{"cameraMode":{"drawMode":0,"name":"Shaded","section":"Shading Mode"},"sceneLighting":true,"audioPlay":false,"sceneViewState":{"showFog":true,"showMaterialUpdate":false,"showSkybox":true,"showFlares":true,"showImageEffects":true,"showParticleSystems":true},"in2DMode":false,"pivot":{"x":-8.694496154785157,"y":-4.491455078125,"z":29.401771545410158},"rotation":{"x":0.2652202844619751,"y":-0.1024477481842041,"z":0.02835325337946415,"w":0.9583105444908142},"size":151.5194549560547,"orthographic":false}