{"cameraMode":{"drawMode":0,"name":"Shaded","section":"Shading Mode"},"sceneLighting":false,"audioPlay":false,"sceneViewState":{"showFog":true,"showMaterialUpdate":false,"showSkybox":false,"showFlares":true,"showImageEffects":true,"showParticleSystems":true},"in2DMode":false,"pivot":{"x":0.7120000123977661,"y":0.9874343872070313,"z":-8.630000114440918},"rotation":{"x":0.11624015122652054,"y":-0.35510802268981936,"z":0.04455547407269478,"w":0.9265151619911194},"size":2.95504093170166,"orthographic":false}