{"cameraMode":{"drawMode":0,"name":"Shaded","section":"Shading Mode"},"sceneLighting":true,"audioPlay":false,"sceneViewState":{"showFog":true,"showMaterialUpdate":false,"showSkybox":true,"showFlares":true,"showImageEffects":true,"showParticleSystems":true},"in2DMode":false,"pivot":{"x":423.002197265625,"y":339.0,"z":39.20000076293945},"rotation":{"x":-0.08537762612104416,"y":0.020331693813204767,"z":-0.0017435820773243905,"w":-0.9961422681808472},"size":724.830810546875,"orthographic":true}