{"cameraMode":{"drawMode":0,"name":"Shaded","section":"Shading Mode"},"sceneLighting":true,"audioPlay":false,"sceneViewState":{"showFog":true,"showMaterialUpdate":false,"showSkybox":true,"showFlares":true,"showImageEffects":true,"showParticleSystems":true},"in2DMode":false,"pivot":{"x":-12.926365852355957,"y":16.013946533203126,"z":-0.37051376700401308},"rotation":{"x":-0.1854737251996994,"y":-0.809426486492157,"z":0.34012529253959658,"w":-0.44135358929634097},"size":4.155040740966797,"orthographic":false}