{"cameraMode":{"drawMode":0,"name":"Shaded","section":"Shading Mode"},"sceneLighting":true,"audioPlay":false,"sceneViewState":{"showFog":true,"showMaterialUpdate":false,"showSkybox":true,"showFlares":true,"showImageEffects":true,"showParticleSystems":true},"in2DMode":false,"pivot":{"x":423.002197265625,"y":339.0,"z":39.20000076293945},"rotation":{"x":0.205766499042511,"y":-0.7936995029449463,"z":0.42080405354499819,"w":0.3881062865257263},"size":1798.1541748046875,"orthographic":true}