{"cameraMode":{"drawMode":0,"name":"Shaded","section":"Shading Mode"},"sceneLighting":false,"audioPlay":false,"sceneViewState":{"showFog":true,"showMaterialUpdate":false,"showSkybox":false,"showFlares":true,"showImageEffects":true,"showParticleSystems":true},"in2DMode":false,"pivot":{"x":1.0717763900756837,"y":0.8485056161880493,"z":18.282133102416993},"rotation":{"x":0.19943198561668397,"y":0.07078901678323746,"z":-0.014450241811573506,"w":0.9772581458091736},"size":16.448829650878908,"orthographic":false}