{"cameraMode":{"drawMode":0,"name":"Shaded","section":"Shading Mode"},"sceneLighting":false,"audioPlay":false,"sceneViewState":{"showFog":true,"showMaterialUpdate":false,"showSkybox":false,"showFlares":true,"showImageEffects":true,"showParticleSystems":true},"in2DMode":false,"pivot":{"x":0.48734065890312197,"y":0.7062824368476868,"z":-0.9586310386657715},"rotation":{"x":-0.00122612074483186,"y":-0.9987037181854248,"z":0.02877923473715782,"w":-0.04254889860749245},"size":2.95504093170166,"orthographic":false}