{"cameraMode":{"drawMode":0,"name":"Shaded","section":"Shading Mode"},"sceneLighting":false,"audioPlay":false,"sceneViewState":{"showFog":true,"showMaterialUpdate":false,"showSkybox":false,"showFlares":true,"showImageEffects":true,"showParticleSystems":true},"in2DMode":false,"pivot":{"x":0.8411380648612976,"y":0.5880733728408814,"z":-0.6376746296882629},"rotation":{"x":-0.028886623680591584,"y":-0.9236859083175659,"z":0.07109040766954422,"w":-0.37545913457870486},"size":2.95504093170166,"orthographic":false}