{"cameraMode":{"drawMode":0,"name":"Shaded","section":"Shading Mode"},"sceneLighting":false,"audioPlay":false,"sceneViewState":{"showFog":true,"showMaterialUpdate":false,"showSkybox":false,"showFlares":true,"showImageEffects":true,"showParticleSystems":true},"in2DMode":false,"pivot":{"x":-1.1926393508911133,"y":-2.490781784057617,"z":25.76138687133789},"rotation":{"x":0.17236611247062684,"y":-0.16724637150764466,"z":0.029705924913287164,"w":0.9702909588813782},"size":16.448829650878908,"orthographic":false}