{"cameraMode":{"drawMode":0,"name":"Shaded","section":"Shading Mode"},"sceneLighting":false,"audioPlay":false,"sceneViewState":{"showFog":true,"showMaterialUpdate":false,"showSkybox":false,"showFlares":true,"showImageEffects":true,"showParticleSystems":true},"in2DMode":false,"pivot":{"x":17.900131225585939,"y":0.07239198684692383,"z":-4.848708152770996},"rotation":{"x":-0.0093263890594244,"y":-0.9751617312431336,"z":0.21735796332359315,"w":-0.04185381531715393},"size":13.033026695251465,"orthographic":false}