{"cameraMode":{"drawMode":0,"name":"Shaded","section":"Shading Mode"},"sceneLighting":false,"audioPlay":false,"sceneViewState":{"showFog":true,"showMaterialUpdate":false,"showSkybox":false,"showFlares":true,"showImageEffects":true,"showParticleSystems":true},"in2DMode":false,"pivot":{"x":-0.04085398465394974,"y":0.45664435625076296,"z":0.19418786466121674},"rotation":{"x":-0.0016563638346269727,"y":-0.9983300566673279,"z":0.04526393488049507,"w":-0.03653358295559883},"size":2.216280698776245,"orthographic":false}