{"cameraMode":{"drawMode":0,"name":"Shaded","section":"Shading Mode"},"sceneLighting":false,"audioPlay":false,"sceneViewState":{"showFog":true,"showMaterialUpdate":false,"showSkybox":false,"showFlares":true,"showImageEffects":true,"showParticleSystems":true},"in2DMode":false,"pivot":{"x":16.13470458984375,"y":3.690645217895508,"z":-0.8376140594482422},"rotation":{"x":-0.004919016268104315,"y":-0.9937346577644348,"z":0.10051880031824112,"w":-0.04862530902028084},"size":13.033026695251465,"orthographic":false}