{"cameraMode":{"drawMode":0,"name":"Shaded","section":"Shading Mode"},"sceneLighting":false,"audioPlay":false,"sceneViewState":{"showFog":true,"showMaterialUpdate":false,"showSkybox":false,"showFlares":true,"showImageEffects":true,"showParticleSystems":true},"in2DMode":false,"pivot":{"x":0.47722628712654116,"y":1.1430917978286744,"z":-1.1882463693618775},"rotation":{"x":-0.006270163226872683,"y":-0.9928156733512878,"z":0.10343501716852188,"w":-0.06021748483181},"size":5.91008186340332,"orthographic":false}