{"cameraMode":{"drawMode":0,"name":"Shaded","section":"Shading Mode"},"sceneLighting":true,"audioPlay":false,"sceneViewState":{"showFog":true,"showMaterialUpdate":false,"showSkybox":true,"showFlares":true,"showImageEffects":true,"showParticleSystems":true},"in2DMode":false,"pivot":{"x":56.823970794677737,"y":-1.0031743049621583,"z":57.90475082397461},"rotation":{"x":-0.17450469732284547,"y":0.14329621195793153,"z":-0.02568054385483265,"w":-0.9738444089889526},"size":19.905162811279298,"orthographic":false}