{"cameraMode":{"drawMode":0,"name":"Shaded","section":"Shading Mode"},"sceneLighting":false,"audioPlay":false,"sceneViewState":{"showFog":true,"showMaterialUpdate":false,"showSkybox":false,"showFlares":true,"showImageEffects":true,"showParticleSystems":true},"in2DMode":false,"pivot":{"x":-0.0945446789264679,"y":0.5836049914360046,"z":0.23210839927196504},"rotation":{"x":-0.12262231111526489,"y":-0.6087090373039246,"z":0.09591861814260483,"w":-0.778019368648529},"size":2.298903226852417,"orthographic":false}