{"cameraMode":{"drawMode":0,"name":"Shaded","section":"Shading Mode"},"sceneLighting":false,"audioPlay":false,"sceneViewState":{"showFog":true,"showMaterialUpdate":false,"showSkybox":false,"showFlares":true,"showImageEffects":true,"showParticleSystems":true},"in2DMode":false,"pivot":{"x":0.004564523696899414,"y":0.8505780100822449,"z":0.09639400243759155},"rotation":{"x":-0.07366234809160233,"y":-0.6400421857833862,"z":0.061819955706596377,"w":-0.762348473072052},"size":1.7448844909667969,"orthographic":false}