{"cameraMode":{"drawMode":0,"name":"Shaded","section":"Shading Mode"},"sceneLighting":true,"audioPlay":false,"sceneViewState":{"showFog":true,"showMaterialUpdate":false,"showSkybox":true,"showFlares":true,"showImageEffects":true,"showParticleSystems":true},"in2DMode":false,"pivot":{"x":-17.220232009887697,"y":8.301644325256348,"z":-1.7437453269958497},"rotation":{"x":0.002000161912292242,"y":0.6754899024963379,"z":0.0017977597890421749,"w":-0.737416684627533},"size":4.041658401489258,"orthographic":false}