{"cameraMode":{"drawMode":0,"name":"Shaded","section":"Shading Mode"},"sceneLighting":false,"audioPlay":false,"sceneViewState":{"showFog":true,"showMaterialUpdate":false,"showSkybox":false,"showFlares":true,"showImageEffects":true,"showParticleSystems":true},"in2DMode":false,"pivot":{"x":78.31208038330078,"y":-22.42385482788086,"z":73.27714538574219},"rotation":{"x":-0.10598990321159363,"y":-0.2527466118335724,"z":0.027881547808647157,"w":-0.9613593220710754},"size":219.3445281982422,"orthographic":false}