{"cameraMode":{"drawMode":0,"name":"Shaded","section":"Shading Mode"},"sceneLighting":true,"audioPlay":false,"sceneViewState":{"showFog":true,"showMaterialUpdate":false,"showSkybox":true,"showFlares":true,"showImageEffects":true,"showParticleSystems":true},"in2DMode":false,"pivot":{"x":-0.3889242112636566,"y":1.0415546894073487,"z":-0.04346892982721329},"rotation":{"x":-0.0029752771370112898,"y":0.9962776899337769,"z":-0.07817856222391129,"w":-0.03857744485139847},"size":4.041658401489258,"orthographic":false}