{"cameraMode":{"drawMode":0,"name":"Shaded","section":"Shading Mode"},"sceneLighting":false,"audioPlay":false,"sceneViewState":{"showFog":true,"showMaterialUpdate":false,"showSkybox":false,"showFlares":true,"showImageEffects":true,"showParticleSystems":true},"in2DMode":false,"pivot":{"x":3.1205124855041506,"y":-0.17079085111618043,"z":-2.7234816551208498},"rotation":{"x":0.01540762186050415,"y":0.9258103966712952,"z":-0.037779550999403,"w":0.37602102756500246},"size":7.144710063934326,"orthographic":false}